keyword,cluster,url,search_intent,difficulty
bible songs for kids app download,bible_apps,/songs/bible-songs-for-kids-app-download,commercial,medium
bible songs for kids app free,bible_apps,/songs/bible-songs-for-kids-app-free,commercial,medium
bible songs for kids app android,bible_apps,/songs/bible-songs-for-kids-app-android,commercial,medium
bible songs for kids app ios,bible_apps,/songs/bible-songs-for-kids-app-ios,commercial,medium
bible songs for kids app offline,bible_apps,/songs/bible-songs-for-kids-app-offline,commercial,medium
bible songs for kids app with lyrics,bible_apps,/songs/bible-songs-for-kids-app-with-lyrics,informational,low
bible songs for kids app reviews,bible_apps,/reviews/bible-songs-for-kids-app-reviews,informational,medium
best bible songs for kids app,bible_apps,/songs/best-bible-songs-for-kids-app,commercial,high
christian songs for kids app,bible_apps,/songs/christian-songs-for-kids-app,commercial,medium
scripture songs for kids app,bible_apps,/songs/scripture-songs-for-kids-app,commercial,medium
toddler bible songs app,bible_apps,/songs/toddler-bible-songs-app,commercial,medium
preschool bible songs app,bible_apps,/songs/preschool-bible-songs-app,commercial,medium
interactive bible songs for kids app,bible_apps,/songs/interactive-bible-songs-for-kids-app,commercial,low
bible songs and games for kids app,bible_apps,/songs/bible-songs-and-games-for-kids-app,commercial,low
bible songs for kids learning app,bible_apps,/songs/bible-songs-for-kids-learning-app,commercial,low
christmas bible songs for kids,christmas,/activities/christmas-bible-songs-for-kids,informational,medium
christmas bible songs for toddlers,christmas,/activities/christmas-bible-songs-for-toddlers,informational,medium
christmas bible songs for preschoolers,christmas,/activities/christmas-bible-songs-for-preschoolers,informational,medium
christmas bible songs with lyrics,christmas,/activities/christmas-bible-songs-with-lyrics,informational,low
christmas bible songs with motions,christmas,/activities/christmas-bible-songs-with-motions,informational,low
christmas bible songs with actions,christmas,/activities/christmas-bible-songs-with-actions,informational,low
christmas bible songs youtube,christmas,/activities/christmas-bible-songs-youtube,informational,medium
christmas bible songs videos,christmas,/activities/christmas-bible-songs-videos,informational,medium
christmas bible songs playlist,christmas,/activities/christmas-bible-songs-playlist,informational,low
christmas bible songs for church,christmas,/activities/christmas-bible-songs-for-church,informational,medium
christmas bible songs for sunday school,christmas,/activities/christmas-bible-songs-for-sunday-school,informational,medium
christmas bible songs for children's choir,christmas,/activities/christmas-bible-songs-for-childrens-choir,informational,low
easy christmas bible songs,christmas,/activities/easy-christmas-bible-songs,informational,medium
simple christmas bible songs,christmas,/activities/simple-christmas-bible-songs,informational,medium
traditional christmas bible songs,christmas,/activities/traditional-christmas-bible-songs,informational,low
modern christmas bible songs,christmas,/activities/modern-christmas-bible-songs,informational,low
christmas bible songs about jesus birth,christmas,/activities/christmas-bible-songs-about-jesus-birth,informational,low
christmas bible songs mary and joseph,christmas,/activities/christmas-bible-songs-mary-and-joseph,informational,low
christmas bible songs angels,christmas,/activities/christmas-bible-songs-angels,informational,low
christmas bible songs wise men,christmas,/activities/christmas-bible-songs-wise-men,informational,low
christmas bible songs nativity,christmas,/activities/christmas-bible-songs-nativity,informational,medium
christmas bible songs silent night,christmas,/activities/christmas-bible-songs-silent-night,informational,low
christmas bible songs joy to the world,christmas,/activities/christmas-bible-songs-joy-to-the-world,informational,low
christmas bible songs o holy night,christmas,/activities/christmas-bible-songs-o-holy-night,informational,low
easter worship songs for kids,easter,/activities/easter-worship-songs-for-kids,informational,medium
easter worship songs for toddlers,easter,/activities/easter-worship-songs-for-toddlers,informational,medium
easter worship songs for preschoolers,easter,/activities/easter-worship-songs-for-preschoolers,informational,medium
easter worship songs for children,easter,/activities/easter-worship-songs-for-children,informational,medium
easter worship songs with lyrics,easter,/activities/easter-worship-songs-with-lyrics,informational,low
easter worship songs with motions,easter,/activities/easter-worship-songs-with-motions,informational,low
easter worship songs with actions,easter,/activities/easter-worship-songs-with-actions,informational,low
easter worship songs youtube,easter,/activities/easter-worship-songs-youtube,informational,medium
easter worship songs videos,easter,/activities/easter-worship-songs-videos,informational,medium
easter worship songs playlist,easter,/activities/easter-worship-songs-playlist,informational,low
easter worship songs for church,easter,/activities/easter-worship-songs-for-church,informational,medium
easter worship songs for sunday school,easter,/activities/easter-worship-songs-for-sunday-school,informational,medium
easy easter worship songs,easter,/activities/easy-easter-worship-songs,informational,medium
simple easter worship songs,easter,/activities/simple-easter-worship-songs,informational,medium
modern easter worship songs,easter,/activities/modern-easter-worship-songs,informational,low
traditional easter worship songs,easter,/activities/traditional-easter-worship-songs,informational,low
easter worship songs about resurrection,easter,/activities/easter-worship-songs-about-resurrection,informational,low
easter worship songs jesus is alive,easter,/activities/easter-worship-songs-jesus-is-alive,informational,low
easter worship songs he is risen,easter,/activities/easter-worship-songs-he-is-risen,informational,low
easter worship songs hallelujah,easter,/activities/easter-worship-songs-hallelujah,informational,low
easter worship songs hosanna,easter,/activities/easter-worship-songs-hosanna,informational,low
easter worship songs palm sunday,easter,/activities/easter-worship-songs-palm-sunday,informational,low
easter worship songs good friday,easter,/activities/easter-worship-songs-good-friday,informational,low
easter worship songs resurrection day,easter,/activities/easter-worship-songs-resurrection-day,informational,low
easter celebration songs for kids,easter,/activities/easter-celebration-songs-for-kids,informational,medium
easter praise songs for children,easter,/activities/easter-praise-songs-for-children,informational,medium
easter hymns for kids,easter,/activities/easter-hymns-for-kids,informational,medium
easter songs for kids church,easter,/activities/easter-songs-for-kids-church,informational,medium
kids christian music videos,christian_music,/songs/kids-christian-music-videos,informational,medium
kids christian music youtube,christian_music,/songs/kids-christian-music-youtube,informational,medium
kids christian music playlist,christian_music,/songs/kids-christian-music-playlist,informational,low
kids christian music cd,christian_music,/songs/kids-christian-music-cd,commercial,medium
kids christian music radio,christian_music,/songs/kids-christian-music-radio,informational,medium
kids christian music streaming,christian_music,/songs/kids-christian-music-streaming,commercial,medium
kids christian music free download,christian_music,/songs/kids-christian-music-free-download,commercial,medium
kids christian music with lyrics,christian_music,/songs/kids-christian-music-with-lyrics,informational,low
kids christian music with motions,christian_music,/songs/kids-christian-music-with-motions,informational,low
kids christian music for toddlers,christian_music,/songs/kids-christian-music-for-toddlers,informational,medium
kids christian music for preschoolers,christian_music,/songs/kids-christian-music-for-preschoolers,informational,medium
kids christian music for church,christian_music,/songs/kids-christian-music-for-church,informational,medium
kids christian music for sunday school,christian_music,/songs/kids-christian-music-for-sunday-school,informational,medium
kids christian music for car rides,christian_music,/songs/kids-christian-music-for-car-rides,informational,low
kids christian music for bedtime,christian_music,/songs/kids-christian-music-for-bedtime,informational,low
kids christian music for worship,christian_music,/songs/kids-christian-music-for-worship,informational,medium
kids christian music contemporary,christian_music,/songs/kids-christian-music-contemporary,informational,low
kids christian music traditional,christian_music,/songs/kids-christian-music-traditional,informational,low
kids christian music praise songs,christian_music,/songs/kids-christian-music-praise-songs,informational,medium
kids christian music worship songs,christian_music,/songs/kids-christian-music-worship-songs,informational,medium
kids christian music bible songs,christian_music,/songs/kids-christian-music-bible-songs,informational,medium
kids christian music scripture songs,christian_music,/songs/kids-christian-music-scripture-songs,informational,medium
christian music for young children,christian_music,/songs/christian-music-for-young-children,informational,medium
christian music for elementary kids,christian_music,/songs/christian-music-for-elementary-kids,informational,medium
christian music for middle school kids,christian_music,/songs/christian-music-for-middle-school-kids,informational,medium
family christian music kids,christian_music,/songs/family-christian-music-kids,informational,medium
uplifting christian music for kids,christian_music,/songs/uplifting-christian-music-for-kids,informational,low
scripture songs for kids,scripture_memory,/songs/scripture-songs-for-kids,informational,medium
scripture songs for toddlers,scripture_memory,/songs/scripture-songs-for-toddlers,informational,medium
scripture songs for preschoolers,scripture_memory,/songs/scripture-songs-for-preschoolers,informational,medium
scripture songs for children,scripture_memory,/songs/scripture-songs-for-children,informational,medium
scripture songs for memorization,scripture_memory,/songs/scripture-songs-for-memorization,informational,medium
scripture songs with lyrics,scripture_memory,/songs/scripture-songs-with-lyrics,informational,low
scripture songs youtube,scripture_memory,/songs/scripture-songs-youtube,informational,medium
scripture songs videos,scripture_memory,/songs/scripture-songs-videos,informational,medium
scripture songs cd,scripture_memory,/songs/scripture-songs-cd,commercial,medium
scripture songs playlist,scripture_memory,/songs/scripture-songs-playlist,informational,low
scripture songs free download,scripture_memory,/songs/scripture-songs-free-download,commercial,medium
scripture songs for church,scripture_memory,/songs/scripture-songs-for-church,informational,medium
scripture songs for sunday school,scripture_memory,/songs/scripture-songs-for-sunday-school,informational,medium
scripture songs for vacation bible school,scripture_memory,/songs/scripture-songs-for-vacation-bible-school,informational,low
scripture songs for awana,scripture_memory,/songs/scripture-songs-for-awana,informational,low
scripture songs psalms,scripture_memory,/songs/scripture-songs-psalms,informational,medium
scripture songs proverbs,scripture_memory,/songs/scripture-songs-proverbs,informational,low
scripture songs john 3 16,scripture_memory,/songs/scripture-songs-john-3-16,informational,low
scripture songs psalm 23,scripture_memory,/songs/scripture-songs-psalm-23,informational,low
scripture songs beatitudes,scripture_memory,/songs/scripture-songs-beatitudes,informational,low
scripture songs ten commandments,scripture_memory,/songs/scripture-songs-ten-commandments,informational,low
scripture songs armor of god,scripture_memory,/songs/scripture-songs-armor-of-god,informational,low
scripture songs fruits of the spirit,scripture_memory,/songs/scripture-songs-fruits-of-the-spirit,informational,low
scripture songs love chapter,scripture_memory,/songs/scripture-songs-love-chapter,informational,low
scripture songs old testament,scripture_memory,/songs/scripture-songs-old-testament,informational,low
scripture songs new testament,scripture_memory,/songs/scripture-songs-new-testament,informational,low
easy scripture songs for kids,scripture_memory,/songs/easy-scripture-songs-for-kids,informational,medium
simple scripture songs,scripture_memory,/songs/simple-scripture-songs,informational,medium
interactive scripture songs,scripture_memory,/songs/interactive-scripture-songs,informational,low
scripture songs with motions,scripture_memory,/songs/scripture-songs-with-motions,informational,low
kids worship music videos,worship,/songs/kids-worship-music-videos,informational,medium
kids worship music youtube,worship,/songs/kids-worship-music-youtube,informational,medium
kids worship music cd,worship,/songs/kids-worship-music-cd,commercial,medium
kids worship music playlist,worship,/songs/kids-worship-music-playlist,informational,low
kids worship music with lyrics,worship,/songs/kids-worship-music-with-lyrics,informational,low
kids worship music with motions,worship,/songs/kids-worship-music-with-motions,informational,low
kids worship music for church,worship,/songs/kids-worship-music-for-church,informational,medium
kids worship music for sunday school,worship,/songs/kids-worship-music-for-sunday-school,informational,medium
kids worship music contemporary,worship,/songs/kids-worship-music-contemporary,informational,low
kids worship music traditional,worship,/songs/kids-worship-music-traditional,informational,low
kids worship music praise songs,worship,/songs/kids-worship-music-praise-songs,informational,medium
kids worship music hymns,worship,/songs/kids-worship-music-hymns,informational,medium
kids worship music for toddlers,worship,/songs/kids-worship-music-for-toddlers,informational,medium
kids worship music for preschoolers,worship,/songs/kids-worship-music-for-preschoolers,informational,medium
kids worship music for elementary,worship,/songs/kids-worship-music-for-elementary,informational,medium
uplifting kids worship music,worship,/songs/uplifting-kids-worship-music,informational,low
joyful kids worship music,worship,/songs/joyful-kids-worship-music,informational,low
peaceful kids worship music,worship,/songs/peaceful-kids-worship-music,informational,low
energetic kids worship music,worship,/songs/energetic-kids-worship-music,informational,low
quiet kids worship music,worship,/songs/quiet-kids-worship-music,informational,low
kids worship music instrumental,worship,/songs/kids-worship-music-instrumental,informational,low
kids worship music acapella,worship,/songs/kids-worship-music-acapella,informational,low
kids worship music with actions,worship,/songs/kids-worship-music-with-actions,informational,low
kids worship music for special needs,worship,/songs/kids-worship-music-for-special-needs,informational,low
kids worship music spanish,worship,/songs/kids-worship-music-spanish,informational,low
multilingual kids worship music,worship,/songs/multilingual-kids-worship-music,informational,low
kids worship music for small groups,worship,/songs/kids-worship-music-for-small-groups,informational,low
kids worship music for home,worship,/songs/kids-worship-music-for-home,informational,low
kids worship music for car,worship,/songs/kids-worship-music-for-car,informational,low
kids worship music for bedtime,worship,/songs/kids-worship-music-for-bedtime,informational,low
sunday school songs for kids,sunday_school,/activities/sunday-school-songs-for-kids,informational,medium
sunday school songs for toddlers,sunday_school,/activities/sunday-school-songs-for-toddlers,informational,medium
sunday school songs for preschoolers,sunday_school,/activities/sunday-school-songs-for-preschoolers,informational,medium
sunday school songs with motions,sunday_school,/activities/sunday-school-songs-with-motions,informational,low
sunday school songs with actions,sunday_school,/activities/sunday-school-songs-with-actions,informational,low
sunday school songs youtube,sunday_school,/activities/sunday-school-songs-youtube,informational,medium
sunday school songs videos,sunday_school,/activities/sunday-school-songs-videos,informational,medium
sunday school songs playlist,sunday_school,/activities/sunday-school-songs-playlist,informational,low
sunday school songs free download,sunday_school,/activities/sunday-school-songs-free-download,commercial,medium
sunday school songs with lyrics,sunday_school,/activities/sunday-school-songs-with-lyrics,informational,low
sunday school opening songs,sunday_school,/activities/sunday-school-opening-songs,informational,medium
sunday school closing songs,sunday_school,/activities/sunday-school-closing-songs,informational,medium
sunday school praise songs,sunday_school,/activities/sunday-school-praise-songs,informational,medium
sunday school worship songs,sunday_school,/activities/sunday-school-worship-songs,informational,medium
sunday school bible songs,sunday_school,/activities/sunday-school-bible-songs,informational,medium
sunday school scripture songs,sunday_school,/activities/sunday-school-scripture-songs,informational,medium
sunday school memory verse songs,sunday_school,/activities/sunday-school-memory-verse-songs,informational,low
sunday school lesson songs,sunday_school,/activities/sunday-school-lesson-songs,informational,low
sunday school seasonal songs,sunday_school,/activities/sunday-school-seasonal-songs,informational,low
sunday school christmas songs,sunday_school,/activities/sunday-school-christmas-songs,informational,medium
sunday school easter songs,sunday_school,/activities/sunday-school-easter-songs,informational,medium
sunday school thanksgiving songs,sunday_school,/activities/sunday-school-thanksgiving-songs,informational,low
sunday school creation songs,sunday_school,/activities/sunday-school-creation-songs,informational,low
sunday school noah songs,sunday_school,/activities/sunday-school-noah-songs,informational,low
sunday school david and goliath songs,sunday_school,/activities/sunday-school-david-and-goliath-songs,informational,low
sunday school jesus songs,sunday_school,/activities/sunday-school-jesus-songs,informational,medium
sunday school god's love songs,sunday_school,/activities/sunday-school-gods-love-songs,informational,low
sunday school friendship songs,sunday_school,/activities/sunday-school-friendship-songs,informational,low
sunday school obedience songs,sunday_school,/activities/sunday-school-obedience-songs,informational,low
sunday school forgiveness songs,sunday_school,/activities/sunday-school-forgiveness-songs,informational,low
vacation bible school songs for kids,vbs,/activities/vacation-bible-school-songs-for-kids,informational,medium
vacation bible school theme songs,vbs,/activities/vacation-bible-school-theme-songs,informational,medium
vacation bible school opening songs,vbs,/activities/vacation-bible-school-opening-songs,informational,low
vacation bible school closing songs,vbs,/activities/vacation-bible-school-closing-songs,informational,low
vacation bible school praise songs,vbs,/activities/vacation-bible-school-praise-songs,informational,medium
vacation bible school worship songs,vbs,/activities/vacation-bible-school-worship-songs,informational,medium
vacation bible school action songs,vbs,/activities/vacation-bible-school-action-songs,informational,low
vacation bible school motion songs,vbs,/activities/vacation-bible-school-motion-songs,informational,low
vacation bible school energy songs,vbs,/activities/vacation-bible-school-energy-songs,informational,low
vacation bible school quiet songs,vbs,/activities/vacation-bible-school-quiet-songs,informational,low
vacation bible school memory verse songs,vbs,/activities/vacation-bible-school-memory-verse-songs,informational,low
vacation bible school bible story songs,vbs,/activities/vacation-bible-school-bible-story-songs,informational,low
vacation bible school game songs,vbs,/activities/vacation-bible-school-game-songs,informational,low
vacation bible school craft songs,vbs,/activities/vacation-bible-school-craft-songs,informational,low
vacation bible school snack songs,vbs,/activities/vacation-bible-school-snack-songs,informational,low
vacation bible school adventure songs,vbs,/activities/vacation-bible-school-adventure-songs,informational,low
vacation bible school jungle theme songs,vbs,/activities/vacation-bible-school-jungle-theme-songs,informational,low
vacation bible school ocean theme songs,vbs,/activities/vacation-bible-school-ocean-theme-songs,informational,low
vacation bible school space theme songs,vbs,/activities/vacation-bible-school-space-theme-songs,informational,low
vacation bible school camping theme songs,vbs,/activities/vacation-bible-school-camping-theme-songs,informational,low
vacation bible school superhero theme songs,vbs,/activities/vacation-bible-school-superhero-theme-songs,informational,low
vacation bible school kingdom theme songs,vbs,/activities/vacation-bible-school-kingdom-theme-songs,informational,low
vacation bible school mission theme songs,vbs,/activities/vacation-bible-school-mission-theme-songs,informational,low
vacation bible school discovery theme songs,vbs,/activities/vacation-bible-school-discovery-theme-songs,informational,low
vbs songs with lyrics,vbs,/activities/vbs-songs-with-lyrics,informational,low
vbs songs youtube,vbs,/activities/vbs-songs-youtube,informational,medium
vbs songs playlist,vbs,/activities/vbs-songs-playlist,informational,low
vbs songs free download,vbs,/activities/vbs-songs-free-download,commercial,medium
preschool christian songs with motions,preschool,/songs/preschool-christian-songs-with-motions,informational,low
preschool christian songs with actions,preschool,/songs/preschool-christian-songs-with-actions,informational,low
preschool christian songs youtube,preschool,/songs/preschool-christian-songs-youtube,informational,medium
preschool christian songs videos,preschool,/songs/preschool-christian-songs-videos,informational,medium
preschool christian songs playlist,preschool,/songs/preschool-christian-songs-playlist,informational,low
preschool christian songs free download,preschool,/songs/preschool-christian-songs-free-download,commercial,medium
preschool christian songs cd,preschool,/songs/preschool-christian-songs-cd,commercial,medium
preschool christian songs simple,preschool,/songs/preschool-christian-songs-simple,informational,medium
preschool christian songs easy,preschool,/songs/preschool-christian-songs-easy,informational,medium
preschool christian songs abc,preschool,/songs/preschool-christian-songs-abc,informational,low
preschool christian songs numbers,preschool,/songs/preschool-christian-songs-numbers,informational,low
preschool christian songs colors,preschool,/songs/preschool-christian-songs-colors,informational,low
preschool christian songs animals,preschool,/songs/preschool-christian-songs-animals,informational,low
preschool christian songs creation,preschool,/songs/preschool-christian-songs-creation,informational,low
preschool christian songs noah,preschool,/songs/preschool-christian-songs-noah,informational,low
preschool christian songs daniel,preschool,/songs/preschool-christian-songs-daniel,informational,low
preschool christian songs jonah,preschool,/songs/preschool-christian-songs-jonah,informational,low
preschool christian songs jesus,preschool,/songs/preschool-christian-songs-jesus,informational,medium
preschool christian songs god's love,preschool,/songs/preschool-christian-songs-gods-love,informational,low
preschool christian songs prayer,preschool,/songs/preschool-christian-songs-prayer,informational,low
preschool christian songs bible,preschool,/songs/preschool-christian-songs-bible,informational,low
preschool christian songs church,preschool,/songs/preschool-christian-songs-church,informational,low
preschool christian songs friends,preschool,/songs/preschool-christian-songs-friends,informational,low
preschool christian songs sharing,preschool,/songs/preschool-christian-songs-sharing,informational,low
preschool christian songs kindness,preschool,/songs/preschool-christian-songs-kindness,informational,low
preschool christian songs obedience,preschool,/songs/preschool-christian-songs-obedience,informational,low
preschool christian songs thanksgiving,preschool,/songs/preschool-christian-songs-thanksgiving,informational,low
preschool christian songs christmas,preschool,/songs/preschool-christian-songs-christmas,informational,medium
preschool christian songs easter,preschool,/songs/preschool-christian-songs-easter,informational,medium
toddler worship songs simple,toddler,/songs/toddler-worship-songs-simple,informational,medium
toddler worship songs easy,toddler,/songs/toddler-worship-songs-easy,informational,medium
toddler worship songs with motions,toddler,/songs/toddler-worship-songs-with-motions,informational,low
toddler worship songs with actions,toddler,/songs/toddler-worship-songs-with-actions,informational,low
toddler worship songs youtube,toddler,/songs/toddler-worship-songs-youtube,informational,medium
toddler worship songs videos,toddler,/songs/toddler-worship-songs-videos,informational,medium
toddler worship songs playlist,toddler,/songs/toddler-worship-songs-playlist,informational,low
toddler worship songs cd,toddler,/songs/toddler-worship-songs-cd,commercial,medium
toddler worship songs church,toddler,/songs/toddler-worship-songs-church,informational,medium
toddler worship songs nursery,toddler,/songs/toddler-worship-songs-nursery,informational,medium
toddler worship songs jesus,toddler,/songs/toddler-worship-songs-jesus,informational,medium
toddler worship songs god,toddler,/songs/toddler-worship-songs-god,informational,medium
toddler worship songs love,toddler,/songs/toddler-worship-songs-love,informational,low
toddler worship songs praise,toddler,/songs/toddler-worship-songs-praise,informational,medium
toddler worship songs thank you,toddler,/songs/toddler-worship-songs-thank-you,informational,low
toddler worship songs clapping,toddler,/songs/toddler-worship-songs-clapping,informational,low
toddler worship songs dancing,toddler,/songs/toddler-worship-songs-dancing,informational,low
toddler worship songs interactive,toddler,/songs/toddler-worship-songs-interactive,informational,low
toddler worship songs repetitive,toddler,/songs/toddler-worship-songs-repetitive,informational,low
toddler worship songs short,toddler,/songs/toddler-worship-songs-short,informational,low
toddler worship songs fun,toddler,/songs/toddler-worship-songs-fun,informational,medium
toddler worship songs gentle,toddler,/songs/toddler-worship-songs-gentle,informational,low
toddler worship songs calm,toddler,/songs/toddler-worship-songs-calm,informational,low
toddler worship songs energetic,toddler,/songs/toddler-worship-songs-energetic,informational,low
toddler worship songs for home,toddler,/songs/toddler-worship-songs-for-home,informational,low
toddler worship songs for car,toddler,/songs/toddler-worship-songs-for-car,informational,low
toddler worship songs free,toddler,/songs/toddler-worship-songs-free,commercial,medium
christian songs for 2 year olds,toddler,/songs/christian-songs-for-2-year-olds,informational,medium
christian songs for 3 year olds,toddler,/songs/christian-songs-for-3-year-olds,informational,medium
children's choir songs christian,choir,/songs/childrens-choir-songs-christian,informational,medium
children's choir songs easy,choir,/songs/childrens-choir-songs-easy,informational,medium
children's choir songs simple,choir,/songs/childrens-choir-songs-simple,informational,medium
children's choir songs two part,choir,/songs/childrens-choir-songs-two-part,informational,low
children's choir songs unison,choir,/songs/childrens-choir-songs-unison,informational,low
children's choir songs with piano,choir,/songs/childrens-choir-songs-with-piano,informational,low
children's choir songs acapella,choir,/songs/childrens-choir-songs-acapella,informational,low
children's choir songs sheet music,choir,/songs/childrens-choir-songs-sheet-music,commercial,medium
children's choir songs free download,choir,/songs/childrens-choir-songs-free-download,commercial,medium
children's choir songs youtube,choir,/songs/childrens-choir-songs-youtube,informational,medium
children's choir songs performance,choir,/songs/childrens-choir-songs-performance,informational,low
children's choir songs concert,choir,/songs/childrens-choir-songs-concert,informational,low
children's choir songs christmas,choir,/songs/childrens-choir-songs-christmas,informational,medium
children's choir songs easter,choir,/songs/childrens-choir-songs-easter,informational,medium
children's choir songs praise,choir,/songs/childrens-choir-songs-praise,informational,medium
children's choir songs worship,choir,/songs/childrens-choir-songs-worship,informational,medium
children's choir songs contemporary,choir,/songs/childrens-choir-songs-contemporary,informational,low
children's choir songs traditional,choir,/songs/childrens-choir-songs-traditional,informational,low
children's choir songs hymns,choir,/songs/childrens-choir-songs-hymns,informational,medium
children's choir songs anthems,choir,/songs/childrens-choir-songs-anthems,informational,low
children's choir songs gospel,choir,/songs/childrens-choir-songs-gospel,informational,medium
children's choir songs spirituals,choir,/songs/childrens-choir-songs-spirituals,informational,low
children's choir songs for church,choir,/songs/childrens-choir-songs-for-church,informational,medium
children's choir songs for school,choir,/songs/childrens-choir-songs-for-school,informational,medium
children's choir songs for competition,choir,/songs/childrens-choir-songs-for-competition,informational,low
children's choir songs for festival,choir,/songs/childrens-choir-songs-for-festival,informational,low
elementary children's choir songs,choir,/songs/elementary-childrens-choir-songs,informational,medium
middle school children's choir songs,choir,/songs/middle-school-childrens-choir-songs,informational,medium
youth choir songs,choir,/songs/youth-choir-songs,informational,medium
christian lullabies for babies,lullabies,/songs/christian-lullabies-for-babies,informational,medium
christian lullabies for toddlers,lullabies,/songs/christian-lullabies-for-toddlers,informational,medium
christian lullabies for kids,lullabies,/songs/christian-lullabies-for-kids,informational,medium
christian lullabies youtube,lullabies,/songs/christian-lullabies-youtube,informational,medium
christian lullabies playlist,lullabies,/songs/christian-lullabies-playlist,informational,low
christian lullabies cd,lullabies,/songs/christian-lullabies-cd,commercial,medium
christian lullabies free download,lullabies,/songs/christian-lullabies-free-download,commercial,medium
christian lullabies instrumental,lullabies,/songs/christian-lullabies-instrumental,informational,low
christian lullabies with lyrics,lullabies,/songs/christian-lullabies-with-lyrics,informational,low
christian lullabies piano,lullabies,/songs/christian-lullabies-piano,informational,low
christian lullabies guitar,lullabies,/songs/christian-lullabies-guitar,informational,low
christian lullabies hymns,lullabies,/songs/christian-lullabies-hymns,informational,medium
christian lullabies contemporary,lullabies,/songs/christian-lullabies-contemporary,informational,low
christian lullabies traditional,lullabies,/songs/christian-lullabies-traditional,informational,low
christian lullabies jesus loves me,lullabies,/songs/christian-lullabies-jesus-loves-me,informational,low
christian lullabies amazing grace,lullabies,/songs/christian-lullabies-amazing-grace,informational,low
christian lullabies jesus loves the little children,lullabies,/songs/christian-lullabies-jesus-loves-the-little-children,informational,low
christian lullabies be thou my vision,lullabies,/songs/christian-lullabies-be-thou-my-vision,informational,low
christian lullabies how great thou art,lullabies,/songs/christian-lullabies-how-great-thou-art,informational,low
christian lullabies blessed assurance,lullabies,/songs/christian-lullabies-blessed-assurance,informational,low
christian lullabies for bedtime,lullabies,/songs/christian-lullabies-for-bedtime,informational,medium
christian lullabies for naptime,lullabies,/songs/christian-lullabies-for-naptime,informational,low
christian lullabies for sleep,lullabies,/songs/christian-lullabies-for-sleep,informational,medium
christian lullabies peaceful,lullabies,/songs/christian-lullabies-peaceful,informational,low
christian lullabies gentle,lullabies,/songs/christian-lullabies-gentle,informational,low
christian lullabies soft,lullabies,/songs/christian-lullabies-soft,informational,low
christian lullabies calming,lullabies,/songs/christian-lullabies-calming,informational,low
christian lullabies soothing,lullabies,/songs/christian-lullabies-soothing,informational,low
praise songs for kids with motions,praise,/songs/praise-songs-for-kids-with-motions,informational,low
praise songs for kids with actions,praise,/songs/praise-songs-for-kids-with-actions,informational,low
praise songs for kids youtube,praise,/songs/praise-songs-for-kids-youtube,informational,medium
praise songs for kids videos,praise,/songs/praise-songs-for-kids-videos,informational,medium
praise songs for kids playlist,praise,/songs/praise-songs-for-kids-playlist,informational,low
praise songs for kids cd,praise,/songs/praise-songs-for-kids-cd,commercial,medium
praise songs for kids church,praise,/songs/praise-songs-for-kids-church,informational,medium
praise songs for kids sunday school,praise,/songs/praise-songs-for-kids-sunday-school,informational,medium
praise songs for kids energetic,praise,/songs/praise-songs-for-kids-energetic,informational,low
praise songs for kids upbeat,praise,/songs/praise-songs-for-kids-upbeat,informational,low
praise songs for kids joyful,praise,/songs/praise-songs-for-kids-joyful,informational,low
praise songs for kids celebration,praise,/songs/praise-songs-for-kids-celebration,informational,low
praise songs for kids thanksgiving,praise,/songs/praise-songs-for-kids-thanksgiving,informational,low
praise songs for kids gratitude,praise,/songs/praise-songs-for-kids-gratitude,informational,low
praise songs for kids god's goodness,praise,/songs/praise-songs-for-kids-gods-goodness,informational,low
praise songs for kids god's love,praise,/songs/praise-songs-for-kids-gods-love,informational,low
praise songs for kids jesus,praise,/songs/praise-songs-for-kids-jesus,informational,medium
praise songs for kids hallelujah,praise,/songs/praise-songs-for-kids-hallelujah,informational,low
praise songs for kids hosanna,praise,/songs/praise-songs-for-kids-hosanna,informational,low
praise songs for kids alleluia,praise,/songs/praise-songs-for-kids-alleluia,informational,low
praise songs for kids worship,praise,/songs/praise-songs-for-kids-worship,informational,medium
praise songs for kids contemporary,praise,/songs/praise-songs-for-kids-contemporary,informational,low
praise songs for kids traditional,praise,/songs/praise-songs-for-kids-traditional,informational,low
praise songs for kids modern,praise,/songs/praise-songs-for-kids-modern,informational,low
praise songs for kids classic,praise,/songs/praise-songs-for-kids-classic,informational,low
praise songs for kids interactive,praise,/songs/praise-songs-for-kids-interactive,informational,low
praise songs for kids participation,praise,/songs/praise-songs-for-kids-participation,informational,low
praise songs for kids clapping,praise,/songs/praise-songs-for-kids-clapping,informational,low
praise songs for kids dancing,praise,/songs/praise-songs-for-kids-dancing,informational,low
bible story songs for kids,bible_stories,/songs/bible-story-songs-for-kids,informational,medium
bible story songs for toddlers,bible_stories,/songs/bible-story-songs-for-toddlers,informational,medium
bible story songs for preschoolers,bible_stories,/songs/bible-story-songs-for-preschoolers,informational,medium
bible story songs youtube,bible_stories,/songs/bible-story-songs-youtube,informational,medium
bible story songs videos,bible_stories,/songs/bible-story-songs-videos,informational,medium
bible story songs playlist,bible_stories,/songs/bible-story-songs-playlist,informational,low
bible story songs cd,bible_stories,/songs/bible-story-songs-cd,commercial,medium
bible story songs with motions,bible_stories,/songs/bible-story-songs-with-motions,informational,low
bible story songs creation,bible_stories,/songs/bible-story-songs-creation,informational,low
bible story songs adam and eve,bible_stories,/songs/bible-story-songs-adam-and-eve,informational,low
bible story songs noah's ark,bible_stories,/songs/bible-story-songs-noahs-ark,informational,medium
bible story songs abraham,bible_stories,/songs/bible-story-songs-abraham,informational,low
bible story songs moses,bible_stories,/songs/bible-story-songs-moses,informational,low
bible story songs david and goliath,bible_stories,/songs/bible-story-songs-david-and-goliath,informational,medium
bible story songs daniel,bible_stories,/songs/bible-story-songs-daniel,informational,low
bible story songs jonah,bible_stories,/songs/bible-story-songs-jonah,informational,medium
bible story songs esther,bible_stories,/songs/bible-story-songs-esther,informational,low
bible story songs ruth,bible_stories,/songs/bible-story-songs-ruth,informational,low
bible story songs joshua,bible_stories,/songs/bible-story-songs-joshua,informational,low
bible story songs jesus birth,bible_stories,/songs/bible-story-songs-jesus-birth,informational,medium
bible story songs jesus miracles,bible_stories,/songs/bible-story-songs-jesus-miracles,informational,low
bible story songs jesus parables,bible_stories,/songs/bible-story-songs-jesus-parables,informational,low
bible story songs jesus crucifixion,bible_stories,/songs/bible-story-songs-jesus-crucifixion,informational,low
bible story songs jesus resurrection,bible_stories,/songs/bible-story-songs-jesus-resurrection,informational,medium
bible story songs disciples,bible_stories,/songs/bible-story-songs-disciples,informational,low
bible story songs paul,bible_stories,/songs/bible-story-songs-paul,informational,low
bible story songs peter,bible_stories,/songs/bible-story-songs-peter,informational,low
bible story songs old testament,bible_stories,/songs/bible-story-songs-old-testament,informational,low
bible story songs new testament,bible_stories,/songs/bible-story-songs-new-testament,informational,low
worship songs with motions for kids,motions,/songs/worship-songs-with-motions-for-kids,informational,medium
worship songs with motions for toddlers,motions,/songs/worship-songs-with-motions-for-toddlers,informational,medium
worship songs with motions for preschoolers,motions,/songs/worship-songs-with-motions-for-preschoolers,informational,medium
worship songs with motions youtube,motions,/songs/worship-songs-with-motions-youtube,informational,medium
worship songs with motions videos,motions,/songs/worship-songs-with-motions-videos,informational,medium
worship songs with motions instructions,motions,/songs/worship-songs-with-motions-instructions,informational,low
worship songs with motions tutorial,motions,/songs/worship-songs-with-motions-tutorial,informational,low
worship songs with motions easy,motions,/songs/worship-songs-with-motions-easy,informational,medium
worship songs with motions simple,motions,/songs/worship-songs-with-motions-simple,informational,medium
worship songs with motions fun,motions,/songs/worship-songs-with-motions-fun,informational,low
worship songs with motions interactive,motions,/songs/worship-songs-with-motions-interactive,informational,low
worship songs with motions energetic,motions,/songs/worship-songs-with-motions-energetic,informational,low
worship songs with motions calming,motions,/songs/worship-songs-with-motions-calming,informational,low
worship songs with actions for kids,motions,/songs/worship-songs-with-actions-for-kids,informational,medium
worship songs with actions for toddlers,motions,/songs/worship-songs-with-actions-for-toddlers,informational,medium
worship songs with actions youtube,motions,/songs/worship-songs-with-actions-youtube,informational,medium
worship songs with actions videos,motions,/songs/worship-songs-with-actions-videos,informational,medium
worship songs with sign language,motions,/songs/worship-songs-with-sign-language,informational,low
worship songs with hand motions,motions,/songs/worship-songs-with-hand-motions,informational,low
worship songs with body movements,motions,/songs/worship-songs-with-body-movements,informational,low
worship songs with dancing,motions,/songs/worship-songs-with-dancing,informational,low
worship songs with clapping,motions,/songs/worship-songs-with-clapping,informational,low
worship songs with stomping,motions,/songs/worship-songs-with-stomping,informational,low
worship songs with jumping,motions,/songs/worship-songs-with-jumping,informational,low
worship songs with stretching,motions,/songs/worship-songs-with-stretching,informational,low
worship songs with finger plays,motions,/songs/worship-songs-with-finger-plays,informational,low
worship songs with gestures,motions,/songs/worship-songs-with-gestures,informational,low
action songs for sunday school,motions,/activities/action-songs-for-sunday-school,informational,medium
movement songs for church,motions,/activities/movement-songs-for-church,informational,low